"Time (UTCG)","x (km)","y (km)","z (km)","vx (km/sec)","vy (km/sec)","vz (km/sec)"
1 Jan 2024 09:00:00.000,-6023.382815,-1169.994240,-3742.501344,3.503959,2.059760,-6.255137
1 Jan 2024 18:09:42.210,6917.466267,2100.135407,-16.101934,0.372109,-1.088057,7.329252
2 Jan 2024 06:00:59.793,6899.835043,2159.924424,-16.095453,0.381073,-1.084954,7.328452
2 Jan 2024 09:00:00.000,142.465775,1211.289281,-7085.017264,7.113976,2.160192,0.492614
2 Jan 2024 18:43:05.776,-6842.377912,-2225.964237,103.453197,-0.436170,1.072610,-7.362618
3 Jan 2024 09:00:00.000,6102.535613,2523.906250,-2920.438944,3.241890,-0.021152,6.681059
3 Jan 2024 11:39:13.741,-6813.586072,-2309.350905,100.916633,-0.447589,1.068146,-7.363708
4 Jan 2024 05:26:10.095,6824.064394,2397.482338,-15.958240,0.416369,-1.071899,7.325371
4 Jan 2024 09:00:00.000,5664.138051,1283.731529,4323.805440,-3.913076,-2.354560,5.827661
4 Jan 2024 16:26:39.263,-6762.421972,-2450.225789,96.177574,-0.466549,1.060382,-7.365473
5 Jan 2024 05:08:45.210,6783.023729,2515.249468,-15.828928,0.433720,-1.065018,7.323920
5 Jan 2024 09:00:00.000,-606.390342,-1411.092111,7061.475150,-6.925537,-2.403310,-1.099297
5 Jan 2024 17:00:02.749,6761.720927,2573.854687,-15.769422,0.442327,-1.061472,7.323221
6 Jan 2024 04:00:31.885,-6695.304194,-2622.625387,89.847922,-0.489438,1.050468,-7.367581
6 Jan 2024 09:00:00.000,-6160.778476,-2832.913634,2414.417004,-2.731519,0.093994,-6.930724
6 Jan 2024 12:28:35.837,-6678.705030,-2663.405338,88.236751,-0.494781,1.048066,-7.368055
6 Jan 2024 18:24:14.600,6714.358839,2698.813583,-15.670231,0.460651,-1.053681,7.321734
7 Jan 2024 06:15:32.116,6691.444073,2756.831581,-15.629657,0.469131,-1.049937,7.321061
7 Jan 2024 09:00:00.000,-5193.460749,-1336.705285,-4778.311493,4.315943,2.712695,-5.450385
7 Jan 2024 21:30:03.195,6661.206144,2831.134803,-15.568804,0.479978,-1.045051,7.320234
8 Jan 2024 09:00:00.000,1215.784583,1709.423076,-6888.922963,6.727077,2.614207,1.803767
8 Jan 2024 14:26:11.049,6626.625201,2913.283771,-15.510461,0.491946,-1.039506,7.319337
9 Jan 2024 06:31:30.496,-6541.001651,-2977.667248,74.634249,-0.535296,1.028730,-7.371574
9 Jan 2024 09:00:00.000,6277.967173,3156.957949,-1722.910079,2.108514,-0.265460,7.101120
9 Jan 2024 18:22:47.976,-6514.781524,-3033.345348,71.985061,-0.542335,1.025168,-7.372141
9 Jan 2024 23:27:38.322,-6503.410747,-3057.127082,70.821798,-0.545323,1.023636,-7.372377
10 Jan 2024 09:00:00.000,4789.237807,1367.033435,5255.002175,-4.583892,-3.046683,4.950244
10 Jan 2024 12:09:44.159,6528.063876,3132.904739,-15.329636,0.523788,-1.023931,7.317070
11 Jan 2024 06:47:28.706,6485.755463,3221.378289,-15.178464,0.536504,-1.017382,7.316229
11 Jan 2024 09:00:00.000,-1595.845929,-1981.780194,6749.120659,-6.455334,-2.798606,-2.380124
11 Jan 2024 22:01:59.669,6450.210113,3293.355536,-15.148783,0.546920,-1.011874,7.315567
12 Jan 2024 09:00:00.000,-6207.325229,-3433.219183,1148.717041,-1.586599,0.464252,-7.277999
12 Jan 2024 09:53:17.073,6422.001966,3349.032467,-15.029802,0.554880,-1.007574,7.315078
13 Jan 2024 00:16:59.606,-6331.161138,-3393.301581,53.395260,-0.587206,1.001009,-7.375503
13 Jan 2024 09:00:00.000,-4228.613312,-1279.462343,-5667.323301,4.891012,3.449978,-4.449016
13 Jan 2024 12:08:16.984,-6301.554190,-3447.131373,50.352296,-0.593785,0.997246,-7.375931
13 Jan 2024 18:03:55.662,6342.944197,3498.922186,-14.887374,0.576434,-0.995531,7.313818
14 Jan 2024 09:00:00.000,2145.583989,2382.876827,-6465.606411,6.110284,2.902443,3.058539
14 Jan 2024 11:00:03.286,6299.870212,3577.062061,-14.868302,0.587699,-0.989002,7.313207
14 Jan 2024 23:42:08.995,-6210.057743,-3607.095734,41.034716,-0.613270,0.985773,-7.377130
15 Jan 2024 09:00:00.000,6193.335119,3730.457313,-461.571459,1.001278,-0.742621,7.297189
15 Jan 2024 18:19:53.317,-6160.539866,-3689.960280,36.198342,-0.623474,0.979585,-7.377701
16 Jan 2024 09:00:00.000,3806.519894,1217.727152,6027.751892,-5.023146,-3.796966,3.904746
16 Jan 2024 12:57:37.636,-6110.042199,-3772.118775,30.917889,-0.633220,0.973516,-7.378178
16 Jan 2024 22:16:29.767,6141.337645,3846.039207,-14.467294,0.626147,-0.965460,7.311415
17 Jan 2024 09:00:00.000,-2437.160534,-2711.084707,6205.589303,-5.775231,-3.003063,-3.613267
17 Jan 2024 15:12:37.252,6093.841178,3921.577858,-14.313136,0.636912,-0.958508,7.310995
18 Jan 2024 06:27:07.957,6050.275449,3989.040167,-14.219279,0.646564,-0.952136,7.310649
18 Jan 2024 09:00:00.000,-6001.716780,-3936.292359,-180.096540,-0.482162,1.073384,-7.376829
19 Jan 2024 00:14:03.743,-5942.242526,-4029.056443,14.298500,-0.664129,0.953429,-7.379445
19 Jan 2024 09:00:00.000,-3195.048110,-975.634870,-6373.861564,5.199442,4.198578,-3.282144
19 Jan 2024 17:10:11.132,-5892.409742,-4101.148757,9.340232,-0.672681,0.947616,-7.379691
20 Jan 2024 05:52:16.652,5909.776937,4195.667173,-13.956677,0.676184,-0.931741,7.309819
20 Jan 2024 09:00:00.000,2880.624141,3181.202927,-5822.340447,5.315950,2.974186,4.217315
20 Jan 2024 17:43:33.793,5873.501586,4246.526099,-13.808112,0.683419,-0.926559,7.309666
20 Jan 2024 23:39:12.356,-5800.579084,-4229.418447,0.523572,-0.688084,0.936903,-7.380024
21 Jan 2024 08:58:04.374,5826.204347,4311.449700,-13.781477,0.692787,-0.919726,7.309485
21 Jan 2024 09:00:00.000,5865.343546,4175.179861,829.500268,-0.016606,-1.434657,7.259858
21 Jan 2024 20:49:21.482,5788.901993,4361.547120,-13.633644,0.699921,-0.914416,7.309383
22 Jan 2024 06:08:13.481,-5706.057776,-4355.688222,-8.418972,-0.703236,0.926004,-7.380225
22 Jan 2024 09:00:00.000,2778.627769,816.566023,6611.791007,-5.212753,-4.535896,2.709761
22 Jan 2024 17:59:30.552,-5668.593839,-4404.243850,-11.981269,-0.709015,0.921762,-7.380255
23 Jan 2024 09:00:00.000,-3080.291104,-3544.674116,5435.755722,-4.930118,-2.962985,-4.751741
23 Jan 2024 18:32:52.976,5640.823425,4551.709824,-13.521076,0.727454,-0.893175,7.309140
24 Jan 2024 09:00:00.000,-5565.716220,-4274.162636,-1523.789160,0.503845,1.887261,-7.208210
25 Jan 2024 01:52:42.207,-5486.620987,-4628.950205,-28.343371,-0.736285,0.900976,-7.380108
25 Jan 2024 09:00:00.000,-2167.650665,-425.660525,-6864.996993,5.233411,4.880662,-1.992930
25 Jan 2024 18:48:49.313,-5429.800294,-4695.636195,-33.407225,-0.744361,0.894610,-7.379935
26 Jan 2024 06:40:06.278,-5389.525107,-4741.933853,-36.758876,-0.750133,0.889972,-7.379807
26 Jan 2024 09:00:00.000,3381.770345,4038.962133,-4974.789377,4.409405,2.796089,5.240687
26 Jan 2024 19:22:11.590,5391.718336,4843.518501,-12.758519,0.769607,-0.858137,7.309494
27 Jan 2024 07:13:28.523,5349.641037,4889.719523,-12.721448,0.776399,-0.852181,7.309635
27 Jan 2024 09:00:00.000,5327.586509,4427.677362,2109.883843,-0.885726,-2.304430,6.981861
27 Jan 2024 15:41:32.042,5319.352498,4922.467739,-12.588943,0.781140,-0.847972,7.309749
28 Jan 2024 00:09:35.550,5288.856500,4955.047434,-12.558096,0.785945,-0.843671,7.309854
28 Jan 2024 09:00:00.000,1776.572203,166.348455,6976.467912,-5.147853,-5.185991,1.394590
28 Jan 2024 10:19:15.751,5251.994114,4993.858876,-12.391376,0.791578,-0.838556,7.310008
29 Jan 2024 00:42:57.660,-5158.349253,-4993.651170,-56.014278,-0.781300,0.863968,-7.378637
29 Jan 2024 09:00:00.000,-3485.970253,-4411.079019,4457.466814,-3.984733,-2.644393,-5.740290
29 Jan 2024 15:57:27.910,-5103.353931,-5050.240296,-60.371452,-0.788423,0.857758,-7.378271
30 Jan 2024 09:00:00.000,-4942.926279,-4390.536034,-2826.564161,1.299946,2.846026,-6.769592
30 Jan 2024 09:44:23.164,5076.042320,5171.282491,-12.045950,0.817812,-0.813851,7.310893
31 Jan 2024 02:40:30.058,5011.684494,5233.063995,-11.862957,0.826986,-0.804874,7.311315
31 Jan 2024 09:00:00.000,-1222.249099,346.004322,-7116.072847,5.010823,5.422758,-0.632096
31 Jan 2024 15:22:35.206,-4928.441243,-5222.569095,-73.586188,-0.810486,0.837883,-7.376892
1 Feb 2024 09:00:00.000,3629.007456,4881.826982,-3947.148226,3.463134,2.354119,6.093199
1 Feb 2024 10:51:07.078,4887.249479,5348.220207,-11.650106,0.844267,-0.787382,7.312195
2 Feb 2024 05:28:50.578,4813.951383,5413.470554,-11.469846,0.854092,-0.777116,7.312788
2 Feb 2024 09:00:00.000,4631.189702,4436.910912,3334.190652,-1.555153,-3.296100,6.460552
2 Feb 2024 15:38:30.656,4773.593991,5448.605922,-11.320691,0.859376,-0.771498,7.313143
3 Feb 2024 02:38:59.053,-4701.836355,-5429.826097,-89.399640,-0.837749,0.811808,-7.374707
3 Feb 2024 09:00:00.000,873.589513,-704.932592,7096.286411,-4.843229,-5.668499,0.001580
3 Feb 2024 15:21:04.115,4678.438537,5529.421532,-11.079966,0.871631,-0.758145,7.313965
4 Feb 2024 04:03:09.142,-4602.091349,-5515.776032,-95.905445,-0.849324,0.800213,-7.373630
4 Feb 2024 09:00:00.000,-3635.195328,-5228.915848,3303.254170,-3.019364,-2.041261,-6.524942
4 Feb 2024 16:45:14.163,4574.860368,5614.126230,-10.869480,0.884624,-0.743536,7.314946
4 Feb 2024 21:50:04.164,4553.957568,5630.818793,-10.813992,0.887193,-0.740595,7.315156
5 Feb 2024 06:18:07.490,4518.971901,5658.488428,-10.778709,0.891490,-0.735625,7.315497
5 Feb 2024 09:00:00.000,-4195.868128,-4248.192290,-4032.545326,1.854637,3.872317,-6.077002
5 Feb 2024 16:27:47.477,4476.774753,5691.364348,-10.646896,0.896547,-0.729692,7.315937
6 Feb 2024 03:28:15.775,-4411.750560,-5671.564443,-107.412722,-0.870828,0.777704,-7.371375
6 Feb 2024 09:00:00.000,-424.677746,1294.960107,-7113.671571,4.573641,5.763095,0.750418
6 Feb 2024 12:47:07.407,4391.629823,5756.154073,-10.455471,0.906645,-0.717662,7.316845
6 Feb 2024 18:42:45.709,-4349.473457,-5720.305165,-110.983529,-0.877664,0.770267,-7.370585
7 Feb 2024 06:34:02.302,-4300.639451,-5757.772313,-113.604825,-0.883038,0.764325,-7.369962
7 Feb 2024 09:00:00.000,3625.090111,5633.343223,-2769.639230,2.549699,1.652874,6.744390
7 Feb 2024 16:43:42.231,-4258.550173,-5789.565277,-115.938129,-0.887549,0.759286,-7.369400
8 Feb 2024 04:34:58.781,-4209.116415,-5826.288295,-118.431487,-0.892912,0.753189,-7.368752
8 Feb 2024 09:00:00.000,3841.135976,4168.355729,4457.106526,-1.989721,-4.338992,5.699354
8 Feb 2024 17:17:03.643,4167.252443,5917.438228,-9.959489,0.932072,-0.685775,7.319410
8 Feb 2024 22:21:53.577,4145.213424,5932.568374,-9.895877,0.934477,-0.682642,7.319677
9 Feb 2024 06:49:56.791,4108.353846,5957.620346,-9.871747,0.938511,-0.677327,7.320110
9 Feb 2024 09:00:00.000,134.135786,-1747.871022,6955.094529,-4.337278,-5.912114,-1.418671
9 Feb 2024 22:04:26.547,4041.610642,6002.102025,-9.719498,0.945651,-0.667775,7.320928
10 Feb 2024 09:00:00.000,-3536.179345,-5917.514240,2013.592458,-2.117252,-1.174576,-7.063820
10 Feb 2024 18:23:46.165,3951.850133,6060.212179,-9.541048,0.955073,-0.654872,7.322060
11 Feb 2024 09:00:00.000,-3397.454430,-3829.700804,-5094.867623,2.146336,4.884946,-5.157532
11 Feb 2024 14:43:05.729,3861.250177,6116.930440,-9.220887,0.964260,-0.641916,7.323240
12 Feb 2024 09:00:00.000,177.337702,2365.383554,-6852.751599,3.980618,5.853459,2.113120
12 Feb 2024 11:02:25.211,3769.797900,6172.288214,-9.080795,0.973395,-0.628632,7.324446
12 Feb 2024 23:44:29.872,-3713.096303,-6161.542159,-140.348331,-0.943597,0.690664,-7.361630
13 Feb 2024 07:21:44.646,3677.532638,6226.227756,-8.931758,0.982379,-0.615178,7.325708
13 Feb 2024 09:00:00.000,3395.267203,6220.786122,-1472.611208,1.735021,0.711068,7.167834
13 Feb 2024 18:22:12.640,-3630.222465,-6212.026889,-143.246024,-0.951655,0.679759,-7.360373
14 Feb 2024 06:13:28.909,-3577.120389,-6243.586867,-144.983336,-0.956762,0.672694,-7.359569
14 Feb 2024 09:00:00.000,3030.106946,3605.446565,5435.652757,-2.174024,-5.352389,4.706744
14 Feb 2024 16:23:08.555,-3531.401799,-6270.288096,-146.525359,-0.961059,0.666669,-7.358859
14 Feb 2024 19:46:21.762,-3516.111577,-6279.114673,-147.027698,-0.962501,0.664651,-7.358623
15 Feb 2024 05:05:13.075,3467.128111,6342.471669,-8.434534,1.001935,-0.584433,7.328616
15 Feb 2024 09:00:00.000,-392.883864,-2895.661193,6545.650601,-3.689574,-5.860771,-2.810278
15 Feb 2024 16:05:40.986,-3423.904527,-6331.318354,-149.751588,-0.971105,0.652205,-7.357209
15 Feb 2024 21:10:30.780,-3400.720904,-6344.169968,-150.371055,-0.973258,0.649030,-7.356852
16 Feb 2024 03:06:08.862,3364.491598,6395.851414,-8.060312,1.010996,-0.569431,7.330080
16 Feb 2024 09:00:00.000,-3221.617574,-6403.363542,634.123376,-1.354398,-0.090142,-7.328294
16 Feb 2024 13:15:48.420,3316.819844,6419.940362,-8.001641,1.015169,-0.562330,7.330757
17 Feb 2024 01:57:52.858,-3268.448890,-6415.437663,-153.736578,-0.985298,0.630823,-7.354780
17 Feb 2024 09:00:00.000,-2622.651628,-3137.416952,-5973.176228,2.180390,5.804772,-4.043282
17 Feb 2024 10:25:55.799,-3229.259810,-6435.887565,-154.677392,-0.988786,0.625399,-7.354160
17 Feb 2024 15:30:45.555,-3205.675514,-6448.047700,-155.192644,-0.990886,0.622092,-7.353790
18 Feb 2024 02:31:13.343,3140.557377,6505.129317,-7.627274,1.030014,-0.536075,7.333328
18 Feb 2024 09:00:00.000,553.538286,3490.370911,-6333.013860,3.299484,5.658756,3.416653
18 Feb 2024 16:54:54.279,-3087.060670,-6507.572593,-157.554687,-1.001284,0.605308,-7.351928
19 Feb 2024 06:27:46.902,-3023.327596,-6538.440343,-158.660586,-1.006768,0.596164,-7.350937
19 Feb 2024 09:00:00.000,2982.245173,6576.759332,-93.629127,1.078987,-0.432206,7.334839
19 Feb 2024 16:37:26.358,-2975.337331,-6561.197366,-159.529016,-1.010783,0.589328,-7.350175
19 Feb 2024 20:51:27.789,2937.634579,6595.983430,-7.118803,1.046124,-0.505622,7.336320
20 Feb 2024 06:10:18.924,-2911.049307,-6590.990808,-160.482119,-1.016162,0.579996,-7.349179
20 Feb 2024 09:00:00.000,2275.128390,2757.174157,6223.232355,-2.111543,-6.244845,3.504584
20 Feb 2024 18:52:23.183,2831.055752,6640.728695,-6.850905,1.054177,-0.489497,7.337888
21 Feb 2024 06:43:39.134,2773.388763,6664.101403,-6.721931,1.058434,-0.480717,7.338738
21 Feb 2024 09:00:00.000,-675.868797,-4062.724914,5872.713482,-2.976626,-5.483995,-4.108038
21 Feb 2024 17:44:06.786,-2740.844528,-6666.283099,-162.508695,-1.029977,0.554941,-7.346517
22 Feb 2024 02:12:09.583,-2700.007546,-6683.575192,-162.855522,-1.033222,0.548817,-7.345886
22 Feb 2024 09:00:00.000,-2744.303235,-6626.279273,-780.059784,-0.793359,1.140778,-7.303012
22 Feb 2024 12:21:48.925,-2650.844220,-6704.003708,-163.242329,-1.037059,0.541428,-7.345129
23 Feb 2024 04:27:06.189,2549.134571,6749.535071,-6.266296,1.074251,-0.446279,7.342055
23 Feb 2024 09:00:00.000,-1944.612694,-2198.595330,-6629.088593,1.983352,6.556009,-2.773751
23 Feb 2024 16:18:22.057,2490.575684,6770.430865,-6.070226,1.078159,-0.437293,7.342935
23 Feb 2024 19:41:35.158,2473.808984,6776.313349,-6.045652,1.079262,-0.434679,7.343185
24 Feb 2024 05:51:14.446,2423.410041,6793.727775,-6.014675,1.082596,-0.426788,7.343916
24 Feb 2024 09:00:00.000,689.951677,4589.082218,-5563.184793,2.604212,5.162400,4.614086
24 Feb 2024 16:51:42.000,-2394.356531,-6803.841715,-164.181124,-1.056376,0.502044,-7.341197
25 Feb 2024 03:52:09.527,2313.833037,6830.140804,-5.737867,1.089544,-0.409747,7.345523
25 Feb 2024 09:00:00.000,2444.894314,6646.511068,1315.210290,0.633474,-1.709515,7.218903
25 Feb 2024 15:43:25.314,2254.617083,6849.001769,-5.543783,1.093169,-0.400540,7.346398
25 Feb 2024 21:39:03.200,-2251.978578,-6854.472400,-164.024233,-1.066484,0.479650,-7.339065
26 Feb 2024 06:57:54.150,2178.228953,6872.528907,-5.394067,1.097752,-0.388522,7.347503
26 Feb 2024 09:00:00.000,1651.821507,1665.295633,6773.801879,-1.829201,-6.923712,2.136631
27 Feb 2024 00:44:47.738,-2116.910015,-6899.407189,-163.448880,-1.075660,0.458073,-7.337098
27 Feb 2024 09:00:00.000,-706.775294,-5152.658436,4958.281347,-2.285132,-4.786833,-5.244571
27 Feb 2024 15:08:28.243,2016.206911,6919.388650,-5.006613,1.106999,-0.362936,7.349836
28 Feb 2024 03:50:32.189,-1980.896610,-6941.703600,-162.444859,-1.084496,0.436004,-7.335136
28 Feb 2024 09:00:00.000,-2173.843748,-6548.137692,-2168.583954,-0.474658,2.430677,-6.988972
28 Feb 2024 16:32:36.122,1887.578550,6953.711352,-4.664282,1.113900,-0.342514,7.351656
29 Feb 2024 04:23:51.768,1827.347593,6968.927287,-4.556987,1.117005,-0.332849,7.352492
29 Feb 2024 09:00:00.000,-1427.276656,-1063.199656,-7031.386340,1.602305,7.073643,-1.392998
29 Feb 2024 16:15:07.405,1767.000895,6983.607084,-4.398557,1.120018,-0.323189,7.353341
29 Feb 2024 22:10:45.220,-1766.554840,-7002.431501,-160.045684,-1.097531,0.400548,-7.332127
1 Mar 2024 07:29:36.055,1689.246834,7001.737331,-4.244088,1.123783,-0.310652,7.354408
1 Mar 2024 09:00:00.000,595.238858,5577.225555,-4562.446929,1.971201,4.369127,5.656285
1 Mar 2024 17:39:15.142,1637.300989,7013.342007,-4.131730,1.126217,-0.302257,7.355122
2 Mar 2024 02:07:17.705,1593.954830,7022.730493,-4.020756,1.128193,-0.295255,7.355704
2 Mar 2024 09:00:00.000,1856.931541,6397.529869,2694.522821,0.431892,-3.032268,6.804688
2 Mar 2024 10:35:20.257,1550.567821,7031.845763,-3.906881,1.130127,-0.288232,7.356290
2 Mar 2024 17:21:46.292,1515.805613,7038.953906,-3.839452,1.131637,-0.282569,7.356755
3 Mar 2024 01:49:48.825,1472.328345,7047.600466,-3.728108,1.133493,-0.275503,7.357326
3 Mar 2024 09:00:00.000,1223.002476,398.089709,7052.616321,-1.381552,-7.313181,0.662422
3 Mar 2024 12:50:16.103,-1445.667164,-7080.053244,-154.619642,-1.114970,0.345935,-7.327898
4 Mar 2024 00:41:31.604,-1384.516250,-7093.071359,-153.437885,-1.117991,0.335422,-7.327127
4 Mar 2024 09:00:00.000,-507.160782,-6074.941684,3838.035907,-1.699663,-3.807151,-6.165058
4 Mar 2024 13:23:35.331,1289.171461,7081.022067,-3.300190,1.140812,-0.245524,7.359695
5 Mar 2024 04:38:03.775,1210.453237,7093.915079,-3.084896,1.143696,-0.232593,7.360684
5 Mar 2024 09:00:00.000,-1589.885553,-6156.166495,-3475.153896,-0.410454,3.690839,-6.400178
5 Mar 2024 19:01:43.941,-1165.061192,-7135.217076,-148.179891,-1.128108,0.296771,-7.324463
6 Mar 2024 06:02:11.112,1078.970890,7113.486389,-2.825784,1.148213,-0.210801,7.362305
6 Mar 2024 09:00:00.000,-1118.120416,203.538852,-7158.212193,1.101605,7.307688,0.055019
7 Mar 2024 00:39:52.429,982.331568,7126.344988,-2.706053,1.151256,-0.194635,7.363445
7 Mar 2024 09:00:00.000,301.928461,6374.582961,-3359.997258,1.473656,3.306815,6.493223
7 Mar 2024 19:17:33.719,885.596051,7137.887299,-2.365021,1.154056,-0.178612,7.364580
8 Mar 2024 06:18:00.814,-855.469918,-7182.604472,-139.499757,-1.140184,0.241184,-7.320999
8 Mar 2024 09:00:00.000,1300.165742,5824.234045,3982.657099,0.481704,-4.299665,6.092444
8 Mar 2024 16:27:39.658,-802.165878,-7189.358542,-137.864064,-1.141986,0.231497,-7.320437
9 Mar 2024 01:46:30.243,726.998913,7154.035909,-1.960973,1.158147,-0.152056,7.366349
9 Mar 2024 09:00:00.000,1029.898277,-958.844001,7039.032314,-0.845210,-7.365277,-0.850983
9 Mar 2024 09:23:44.351,-713.175791,-7199.712497,-134.992611,-1.144845,0.215202,-7.319526
9 Mar 2024 15:19:21.986,656.420873,7160.110441,-1.805869,1.159774,-0.140152,7.367107
10 Mar 2024 00:38:12.546,-632.954677,-7208.055887,-132.270479,-1.147247,0.200405,-7.318742
10 Mar 2024 09:00:00.000,-125.320052,-6754.701826,2554.766391,-1.291381,-2.605846,-6.830959
10 Mar 2024 12:29:27.789,-570.471632,-7213.920326,-130.112944,-1.148966,0.188847,-7.318146
11 Mar 2024 00:20:43.016,-507.932004,-7219.232118,-127.861427,-1.150589,0.177193,-7.317560
11 Mar 2024 09:00:00.000,-1073.661656,-5460.496538,-4649.877863,-0.586132,4.839315,-5.556324
11 Mar 2024 15:35:11.139,-427.431231,-7225.238065,-124.921460,-1.152511,0.162169,-7.316836
12 Mar 2024 09:00:00.000,-1044.562577,1525.770955,-6994.960666,0.557770,7.223496,1.525235
12 Mar 2024 16:08:29.730,276.346473,7181.167367,-1.029158,1.166353,-0.075520,7.370838
13 Mar 2024 09:00:00.000,-135.503892,6911.316265,-1995.287005,1.175152,2.028480,7.075279
13 Mar 2024 14:09:23.602,161.353185,7183.660755,-0.660109,1.167611,-0.055949,7.371871
14 Mar 2024 02:00:38.735,99.419248,7184.272845,-0.555038,1.168147,-0.045287,7.372395
14 Mar 2024 09:00:00.000,855.613022,4951.065983,5117.108927,0.761393,-5.407865,5.102047
14 Mar 2024 09:37:52.741,-77.788105,-7240.615078,-111.163894,-1.158647,0.096063,-7.313973
14 Mar 2024 21:29:07.837,-14.904675,-7241.509000,-108.462947,-1.159354,0.083978,-7.313541
15 Mar 2024 09:00:00.000,1087.760351,-2307.357193,6726.813981,-0.308165,-7.065514,-2.331484
15 Mar 2024 15:16:00.463,-95.220520,7182.846213,-0.081111,1.169148,-0.011801,7.373919
16 Mar 2024 05:39:40.186,155.775061,-7241.148190,-101.098626,-1.160678,0.051181,-7.312392
16 Mar 2024 09:00:00.000,370.840464,-7135.457984,1160.075823,-1.111102,-1.263216,-7.215354
17 Mar 2024 00:17:20.958,254.620726,-7239.019733,-96.660844,-1.161045,0.032051,-7.311805
17 Mar 2024 09:00:00.000,-700.233654,-4496.573087,-5642.873543,-0.964434,5.797919,-4.483692
17 Mar 2024 16:22:37.063,-351.532442,7173.166997,0.545854,1.168973,0.032528,7.375666
17 Mar 2024 22:18:14.569,371.399167,-7234.739399,-91.328509,-1.161067,0.009378,-7.311137
18 Mar 2024 09:00:00.000,-1211.321941,2813.363638,-6536.080401,0.053993,6.806184,2.960518
18 Mar 2024 10:09:29.559,434.274929,-7231.604676,-88.389898,-1.160911,-0.002889,-7.310823
19 Mar 2024 01:23:57.384,515.054062,-7226.761847,-84.584851,-1.160524,-0.018663,-7.310429
19 Mar 2024 09:00:00.000,-644.863802,7133.942809,-524.335780,1.121059,0.618526,7.356721
19 Mar 2024 15:47:36.957,-598.528751,7155.460204,1.102245,1.167098,0.075500,7.377035
20 Mar 2024 07:02:04.719,-677.772882,7148.022154,1.213709,1.166133,0.089385,7.377414
20 Mar 2024 09:00:00.000,593.483579,3834.490490,6038.088148,1.220281,-6.262785,3.876198
20 Mar 2024 18:53:19.618,-739.311868,7141.666245,1.465123,1.165276,0.100019,7.377676
21 Mar 2024 09:00:00.000,1382.723377,-3549.320625,6125.008627,0.141051,-6.433930,-3.711137
21 Mar 2024 10:07:47.293,-818.400777,7132.728091,1.561336,1.164015,0.113916,7.377992
22 Mar 2024 01:22:14.952,-897.345780,7122.960802,1.797749,1.162597,0.127668,7.378266
22 Mar 2024 09:00:00.000,899.316217,-7185.715663,-292.109282,-1.185127,0.133869,-7.303097
22 Mar 2024 14:55:06.163,-967.444559,7113.563429,2.000878,1.161181,0.139890,7.378491
23 Mar 2024 09:00:00.000,-532.455606,-3319.257764,-6410.454740,-1.486324,6.501225,-3.211467
23 Mar 2024 10:23:34.701,1069.654825,-7167.903835,-57.138718,-1.152127,-0.127885,-7.308662
23 Mar 2024 23:05:37.631,-1133.555750,7088.564073,2.377479,1.157281,0.168976,7.378932
24 Mar 2024 04:10:26.797,-1159.729701,7084.281719,2.414530,1.156593,0.173579,7.378980
24 Mar 2024 09:00:00.000,-1596.737293,3978.841532,-5785.522026,-0.323736,6.064149,4.301475
24 Mar 2024 15:10:53.159,1220.773862,-7144.021875,-49.435252,-1.148100,-0.157770,-7.308445
25 Mar 2024 05:34:32.342,-1290.509964,7061.445721,1.806060,1.152702,0.197395,7.379173
25 Mar 2024 09:00:00.000,-1140.114831,7015.962942,994.183927,1.330691,-0.825924,7.306374
25 Mar 2024 16:34:58.875,1353.691176,-7120.227381,-42.376920,-1.143893,-0.184313,-7.308335
26 Mar 2024 01:53:48.913,-1394.551331,7041.543783,2.929632,1.149566,0.214726,7.379272
26 Mar 2024 09:00:00.000,566.883916,2545.910877,6700.656705,1.782561,-6.801524,2.464431
26 Mar 2024 13:45:03.512,-1455.226207,7029.242847,2.910296,1.147462,0.225520,7.379292
27 Mar 2024 04:59:30.817,-1532.997862,7012.710064,3.414753,1.144722,0.238820,7.379279
27 Mar 2024 09:00:00.000,1874.086960,-4604.979678,5248.827625,0.420679,-5.512415,-4.939036
27 Mar 2024 18:32:21.703,-1602.025933,6997.286991,3.502099,1.142060,0.250965,7.379263
28 Mar 2024 05:32:48.031,1670.590336,-7052.586138,-25.851460,-1.131547,-0.247099,-7.308501
28 Mar 2024 09:00:00.000,1369.867523,-6897.371994,-1755.306320,-1.516082,1.506662,-7.083646
28 Mar 2024 17:24:02.510,1731.811977,-7037.729121,-22.689696,-1.128781,-0.259175,-7.308594
29 Mar 2024 06:06:05.127,-1782.477701,6953.753638,3.966736,1.134518,0.282480,7.379034
29 Mar 2024 09:00:00.000,-617.401865,-1993.047757,-6914.224299,-2.073725,6.898923,-1.766903
29 Mar 2024 17:57:19.564,-1842.407099,6938.232349,3.963557,1.131751,0.293085,7.378926
30 Mar 2024 06:39:22.173,1923.342198,-6987.437320,-12.592338,-1.119229,-0.297130,-7.309019
30 Mar 2024 09:00:00.000,-2153.302613,4940.675342,-4755.450657,-0.493864,5.030391,5.483336
30 Mar 2024 17:39:48.407,-1961.794912,6905.725608,4.360305,1.126041,0.313788,7.378642
30 Mar 2024 21:53:49.253,2001.244756,-6965.315566,-8.535739,-1.114984,-0.312491,-7.309240
31 Mar 2024 06:21:50.974,2044.435069,-6952.614659,-6.179114,-1.112517,-0.321113,-7.309392
31 Mar 2024 09:00:00.000,-1530.852169,6558.290807,2492.090846,1.792100,-2.196007,6.908694
31 Mar 2024 17:22:17.208,-2080.678941,6871.245358,4.611681,1.119903,0.334526,7.378259
31 Mar 2024 22:27:06.229,-2106.067409,6863.595089,4.684588,1.118543,0.338933,7.378174
1 Apr 2024 06:55:07.918,-2148.349821,6850.659264,4.794607,1.116220,0.346267,7.378004
1 Apr 2024 09:00:00.000,803.223974,1178.426906,7064.777957,2.358097,-6.986453,0.931562
2 Apr 2024 01:32:47.615,-2241.085722,6821.314981,4.984018,1.110934,0.362392,7.377597
2 Apr 2024 09:00:00.000,2497.365757,-5399.697706,4127.174624,0.466015,-4.367100,-5.960687
2 Apr 2024 15:56:26.461,2335.626257,-6859.031626,8.779208,-1.094382,-0.378218,-7.310618
3 Apr 2024 00:24:28.126,2378.089739,-6844.192481,10.970680,-1.091468,-0.386544,-7.310843
3 Apr 2024 09:00:00.000,1694.617490,-6286.916191,-3163.984387,-2.078671,2.761235,-6.550755
3 Apr 2024 12:15:42.449,2437.365400,-6822.974616,13.928705,-1.087340,-0.398067,-7.311160
3 Apr 2024 20:43:44.100,2479.571349,-6807.503157,16.086826,-1.084291,-0.406312,-7.311395
4 Apr 2024 06:53:22.076,2530.102207,-6788.555763,18.601305,-1.080593,-0.416124,-7.311704
4 Apr 2024 09:00:00.000,-973.107471,-617.185638,-7111.957346,-2.634314,6.949331,-0.209202
4 Apr 2024 19:35:24.538,-2566.603831,6707.494630,5.781750,1.090374,0.418601,7.375850
5 Apr 2024 07:26:38.826,-2624.474753,6685.477227,5.913154,1.086381,0.428551,7.375463
5 Apr 2024 09:00:00.000,-2806.900276,5615.369467,-3487.770823,-0.397525,3.783484,6.423671
5 Apr 2024 17:36:16.782,-2673.914223,6666.220233,6.030082,1.082888,0.437038,7.375125
5 Apr 2024 22:41:05.759,-2698.585355,6656.459270,6.075581,1.081100,0.441276,7.374952
6 Apr 2024 09:00:00.000,-1736.347368,5799.098278,3883.459226,2.456287,-3.373465,6.176869
6 Apr 2024 10:32:20.028,-2756.048833,6633.354451,6.211078,1.076897,0.451114,7.374505
7 Apr 2024 01:46:46.939,-2829.612984,6602.919758,6.382029,1.071358,0.463680,7.373942
7 Apr 2024 09:00:00.000,1297.077312,-158.895274,7104.258843,2.852830,-6.814554,-0.643372
7 Apr 2024 14:28:49.346,2920.270275,-6626.947934,37.450790,-1.048923,-0.491190,-7.314555
7 Apr 2024 22:56:50.946,2961.161260,-6608.404820,39.363528,-1.045288,-0.498988,-7.314891
8 Apr 2024 05:43:16.221,2993.787290,-6593.357366,40.858585,-1.042354,-0.505182,-7.315188
8 Apr 2024 09:00:00.000,3168.276044,-5877.183296,2808.072672,0.237557,-3.087181,-6.724309
8 Apr 2024 17:34:30.447,3050.683322,-6566.651324,43.461854,-1.037139,-0.515970,-7.315702
9 Apr 2024 02:53:20.191,-3064.428278,6499.542960,6.937701,1.052548,0.503581,7.371878
9 Apr 2024 09:00:00.000,1797.353002,-5403.295350,-4445.950007,-2.817503,3.805501,-5.712984
9 Apr 2024 12:12:09.929,3139.571658,-6523.674066,47.416481,-1.028762,-0.532715,-7.316545
10 Apr 2024 00:54:12.292,-3168.533911,6450.555111,7.183647,1.043641,0.521149,7.370865
10 Apr 2024 09:00:00.000,-1584.924053,700.277047,-6978.691065,-3.068865,6.645082,1.386726
10 Apr 2024 22:55:04.375,-3271.896630,6399.955798,7.375913,1.034426,0.538559,7.369783
11 Apr 2024 09:00:00.000,-3464.786746,5952.888571,-2043.190242,-0.006782,2.430841,7.057297
12 Apr 2024 02:00:45.371,-3397.989690,6335.472869,7.712195,1.022762,0.559603,7.368398
12 Apr 2024 09:00:00.000,-1694.043089,4809.682618,5093.613848,3.246615,-4.270460,5.150085
12 Apr 2024 18:06:00.312,3504.147725,-6330.772658,62.482041,-0.991489,-0.600299,-7.320466
12 Apr 2024 23:10:49.235,3527.511960,-6317.470060,63.410697,-0.988924,-0.604595,-7.320736
13 Apr 2024 06:48:02.616,-3530.589807,6264.300496,8.047501,1.009924,0.581616,7.366861
13 Apr 2024 09:00:00.000,2013.785248,-1367.384907,6812.889174,3.178590,-6.319449,-2.189007
14 Apr 2024 00:34:53.818,3643.502793,-6249.575853,67.769952,-0.975948,-0.625684,-7.322205
14 Apr 2024 09:00:00.000,3791.804815,-6015.599337,1345.017497,-0.279432,-1.766340,-7.191406
14 Apr 2024 12:26:07.942,3697.138110,-6217.205163,69.659248,-0.969813,-0.635329,-7.322878
15 Apr 2024 00:17:22.043,3750.509103,-6184.304672,71.593879,-0.963553,-0.644978,-7.323598
15 Apr 2024 09:00:00.000,1619.986429,-4320.277688,-5536.706215,-3.652120,4.568388,-4.591706
15 Apr 2024 17:13:25.033,3826.184810,-6136.573112,74.059729,-0.954569,-0.658402,-7.324612
16 Apr 2024 09:00:00.000,-2406.524546,1859.052617,-6508.161117,-3.283302,6.016961,2.939274
16 Apr 2024 11:51:04.252,3908.713792,-6082.937674,76.776661,-0.944461,-0.673085,-7.325782
17 Apr 2024 07:19:31.590,-3964.388340,6006.057027,8.985260,0.963603,0.652695,7.361091
17 Apr 2024 09:00:00.000,-4027.334900,5942.110105,-490.249423,0.671837,1.088258,7.343437
17 Apr 2024 17:29:09.307,-4008.996943,5977.156839,9.251870,0.958565,0.659766,7.360435
18 Apr 2024 05:20:23.279,-4060.833596,5943.007578,9.224515,0.952419,0.668234,7.359651
18 Apr 2024 09:00:00.000,-1363.865961,3678.029934,6064.589626,4.071310,-4.839820,3.878050
19 Apr 2024 01:39:38.592,-4148.947058,5883.468107,9.560071,0.941977,0.682272,7.358304
19 Apr 2024 09:00:00.000,2895.969034,-2370.745195,6195.411394,3.257520,-5.557740,-3.646875
19 Apr 2024 16:54:04.981,-4214.425493,5837.978109,9.994253,0.934139,0.692488,7.357297
20 Apr 2024 03:54:30.693,4287.838547,-5814.624252,86.924472,-0.895039,-0.738606,-7.331650
20 Apr 2024 09:00:00.000,4269.262552,-5823.456196,-209.675846,-1.076089,-0.492945,-7.329365
20 Apr 2024 17:27:20.823,4344.471514,-5771.263080,87.781766,-0.887407,-0.747864,-7.332601
21 Apr 2024 02:46:10.243,-4358.330316,5734.224831,10.051098,0.915817,0.715535,7.354995
21 Apr 2024 09:00:00.000,1125.614016,-3124.019016,-6379.966609,-4.482674,5.005568,-3.215895
21 Apr 2024 12:55:47.749,-4401.000258,5702.430169,10.227514,0.910321,0.722190,7.354288
21 Apr 2024 22:14:37.113,4463.384249,-5677.266966,89.909009,-0.870606,-0.767607,-7.334617
22 Apr 2024 09:00:00.000,-3367.255469,2782.541054,-5705.359096,-3.196703,5.126753,4.372266
22 Apr 2024 11:47:27.078,4518.611469,-5632.161308,90.760251,-0.862631,-0.776690,-7.335606
23 Apr 2024 05:34:17.631,-4569.372911,5572.091319,10.558973,0.887734,0.748573,7.351442
23 Apr 2024 09:00:00.000,-4396.213926,5606.634899,1107.909202,1.604318,-0.142845,7.261512
23 Apr 2024 13:11:30.710,4620.879631,-5546.236518,91.988273,-0.847608,-0.793244,-7.337431
23 Apr 2024 18:16:19.413,4641.127199,-5528.830945,92.137932,-0.844625,-0.796452,-7.337803
24 Apr 2024 05:16:44.922,-4665.822873,5493.756562,10.799461,0.874301,0.763509,7.349779
24 Apr 2024 09:00:00.000,-725.660766,2492.697629,6751.479959,4.832272,-5.071433,2.404361
24 Apr 2024 16:17:10.415,4728.111438,-5452.529084,92.923061,-0.831425,-0.810364,-7.339429
24 Apr 2024 21:21:59.094,4748.006905,-5434.736357,93.077361,-0.828360,-0.813530,-7.339797
25 Apr 2024 05:50:00.214,4780.988540,-5404.890818,93.250892,-0.823294,-0.818731,-7.340453
25 Apr 2024 09:00:00.000,3867.540195,-3115.718926,5258.262660,3.021766,-4.596943,-4.964270
25 Apr 2024 16:50:25.665,-4807.998578,5373.194876,11.083450,0.853717,0.785405,7.347218
25 Apr 2024 21:55:14.326,-4828.060249,5355.668075,11.171122,0.850771,0.788446,7.346851
26 Apr 2024 03:00:02.983,-4848.053370,5338.074232,11.203650,0.847787,0.791505,7.346483
26 Apr 2024 09:00:00.000,4502.886111,-5332.824886,-1797.600822,-2.114780,0.647430,-7.104351
26 Apr 2024 14:51:16.495,-4894.465278,5296.721889,11.388705,0.840849,0.798506,7.345623
27 Apr 2024 03:33:18.099,4955.820898,-5240.496256,93.659517,-0.795513,-0.845945,-7.343871
27 Apr 2024 09:00:00.000,308.414361,-1912.736059,-6917.953004,-5.192791,5.095815,-1.632995
27 Apr 2024 12:52:07.266,-4979.718015,5218.854372,11.580199,0.827766,0.811427,7.344028
28 Apr 2024 03:15:45.056,5044.189334,-5153.076138,93.242803,-0.781117,-0.859313,-7.345673
28 Apr 2024 09:00:00.000,-4367.562756,3407.787794,-4592.865505,-2.757724,4.065661,5.599467
28 Apr 2024 13:25:22.319,5081.581936,-5115.192771,93.030050,-0.774888,-0.864958,-7.346423
28 Apr 2024 18:30:10.944,5100.176890,-5096.125409,92.878461,-0.771779,-0.867729,-7.346814
29 Apr 2024 06:21:24.395,5143.257668,-5051.408807,92.434554,-0.764560,-0.874117,-7.347720
29 Apr 2024 09:00:00.000,-4484.613557,4996.814088,2670.689422,2.719008,-1.165908,6.805719
29 Apr 2024 16:31:01.632,5179.881848,-5012.807361,92.069907,-0.758297,-0.879553,-7.348479
30 Apr 2024 04:22:15.064,5222.227492,-4967.424779,91.515491,-0.751025,-0.885766,-7.349387
30 Apr 2024 09:00:00.000,201.501788,1355.636667,7105.621812,5.424526,-4.973715,0.791635
30 Apr 2024 17:04:16.591,-5265.077958,4938.840700,12.240403,0.781344,0.854039,7.338551
1 May 2024 04:04:41.902,5305.711190,-4875.674006,90.172846,-0.736473,-0.897884,-7.351160
1 May 2024 09:00:00.000,4822.551355,-3554.382542,4030.598669,2.433956,-3.526257,-6.063583
1 May 2024 15:05:07.210,-5344.616504,4854.982389,12.435983,0.767643,0.865749,7.336991
2 May 2024 00:23:56.310,5375.969524,-4795.950622,88.786445,-0.723974,-0.907957,-7.352673
2 May 2024 09:00:00.000,4412.958132,-4603.795266,-3326.038531,-3.307033,1.557275,-6.496898
2 May 2024 21:33:58.792,-5452.540228,4736.738548,12.692516,0.748458,0.881522,7.334847
3 May 2024 09:00:00.000,-782.409888,-804.829390,-7096.852737,-5.663065,4.848012,0.063203
3 May 2024 13:39:12.674,5501.632426,-4647.294651,85.588106,-0.701098,-0.925634,-7.355400
3 May 2024 18:44:01.265,5518.447666,-4626.768799,85.086291,-0.697977,-0.927958,-7.355777
4 May 2024 09:00:00.000,-5285.107099,3694.792602,-3229.409661,-1.967307,2.955106,6.532193
4 May 2024 11:40:03.228,5573.952721,-4557.913817,83.388947,-0.687534,-0.935654,-7.357020
5 May 2024 06:17:41.386,5634.000217,-4481.505148,81.249335,-0.676144,-0.943835,-7.358339
5 May 2024 09:00:00.000,-4236.565382,4195.355061,4101.556727,3.909313,-1.900944,5.998287
5 May 2024 15:36:30.458,-5677.102229,4472.350384,13.196681,0.706174,0.913985,7.330408
6 May 2024 00:55:19.508,5692.991425,-4404.329177,78.837864,-0.664839,-0.951720,-7.359657
6 May 2024 09:00:00.000,1355.457662,370.342776,7093.150296,5.751205,-4.585671,-0.877786
6 May 2024 10:14:08.558,-5738.125051,4395.796661,13.314406,0.694051,0.922726,7.329193
6 May 2024 16:09:45.225,5740.486940,-4340.622665,76.838945,-0.655518,-0.958082,-7.360713
7 May 2024 03:10:10.457,-5792.704895,4325.469181,13.454822,0.683000,0.930500,7.328094
7 May 2024 09:00:00.000,5642.316605,-3669.271091,2570.549564,1.499149,-2.453737,-6.864912
7 May 2024 16:42:59.964,-5835.707204,4268.722056,13.636315,0.674179,0.936553,7.327249
8 May 2024 05:25:01.362,5853.561118,-4182.858964,71.430698,-0.632803,-0.972980,-7.363253
8 May 2024 09:00:00.000,3956.174836,-3729.885756,-4694.833404,-4.528739,2.161087,-5.522442
8 May 2024 15:34:38.479,5883.660242,-4139.363432,69.778934,-0.626675,-0.976865,-7.363912
8 May 2024 20:39:27.027,5898.582936,-4117.539708,68.916300,-0.623632,-0.978773,-7.364244
9 May 2024 09:00:00.000,-2058.468583,95.854508,-6893.659876,-5.800069,4.321741,1.764412
9 May 2024 11:53:52.665,5942.894756,-4051.678990,66.600937,-0.614200,-0.984611,-7.365247
10 May 2024 09:00:00.000,-6004.336264,3653.292618,-1690.024228,-0.867586,1.916604,7.114104
10 May 2024 09:54:42.997,6005.590462,-3955.859382,62.627199,-0.600993,-0.992543,-7.366628
11 May 2024 01:09:08.618,6048.134160,-3888.905728,60.316057,-0.591384,-0.998204,-7.367562
11 May 2024 09:00:00.000,-3628.300722,3304.773296,5322.708164,5.063819,-2.314672,4.878282
11 May 2024 14:41:57.808,6085.171182,-3829.332267,55.986361,-0.584771,-1.001880,-7.368382
12 May 2024 05:05:34.979,-6158.983317,3799.399190,14.123503,0.601705,0.982088,7.321027
12 May 2024 09:00:00.000,2654.248467,-388.063809,6701.075344,5.732271,-3.978110,-2.530267
12 May 2024 12:42:47.687,6144.414104,-3731.298696,52.612062,-0.570706,-1.009819,-7.369640
12 May 2024 16:05:59.972,6153.385601,-3716.150673,51.895793,-0.568699,-1.010906,-7.369832
13 May 2024 03:06:24.888,-6219.963720,3700.975860,14.642798,0.587124,0.990371,7.319893
13 May 2024 09:00:00.000,6216.286259,-3488.319839,940.312998,0.251826,-1.481756,-7.306075
13 May 2024 14:57:37.870,-6252.125529,3647.537909,14.650609,0.579008,0.994869,7.319322
14 May 2024 01:07:14.693,-6279.325853,3601.495039,14.717824,0.572095,0.998645,7.318840
14 May 2024 09:00:00.000,3118.906930,-2817.600719,-5825.839927,-5.651423,2.434464,-4.216246
14 May 2024 12:58:27.623,-6310.614876,3547.528237,14.855254,0.564062,1.002954,7.318289
14 May 2024 21:26:28.254,-6332.664320,3508.808258,14.881799,0.558244,1.006015,7.317913
15 May 2024 07:36:05.008,-6358.831178,3462.139072,14.839645,0.551189,1.009689,7.317456
15 May 2024 09:00:00.000,-3421.986850,727.886964,-6305.914727,-5.540437,3.612339,3.384717
15 May 2024 22:50:30.110,-6397.383251,3391.793070,15.032486,0.540811,1.014964,7.316805
16 May 2024 09:00:00.000,-6426.102748,3337.621935,-34.869153,0.487708,1.042442,7.316333
16 May 2024 13:14:07.096,6385.405003,-3292.182874,30.900781,-0.513659,-1.039113,-7.374589
17 May 2024 03:37:44.040,-6468.029175,3257.713048,15.184619,0.520924,1.024721,7.315640
17 May 2024 09:00:00.000,-2649.120371,2424.038090,6279.574058,6.079184,-2.420319,3.471051
17 May 2024 15:28:56.808,-6496.267913,3202.070638,15.222790,0.512687,1.028641,7.315193
18 May 2024 00:47:45.367,6466.514065,-3126.654856,22.093579,-0.492843,-1.048820,-7.376129
18 May 2024 09:00:00.000,4001.694620,-875.917219,5922.631307,5.300933,-3.240030,-4.095291
18 May 2024 12:38:58.057,6492.636013,-3071.038537,19.208068,-0.485796,-1.051978,-7.376605
18 May 2024 21:06:58.544,6511.000841,-3031.221124,17.014204,-0.480874,-1.054153,-7.376925
19 May 2024 09:00:00.000,6443.242618,-3071.118783,-786.999682,-1.235589,-0.702381,-7.331863
19 May 2024 11:30:35.334,-6596.835270,2993.155628,15.348512,0.481899,1.042576,7.313693
20 May 2024 06:08:12.335,-6637.268869,2903.803984,15.542954,0.468953,1.048144,7.313148
20 May 2024 09:00:00.000,1927.724046,-1976.387821,-6642.372709,-6.541189,2.391228,-2.638645
20 May 2024 18:50:12.981,6606.101897,-2814.313166,4.937678,-0.454268,-1.065541,-7.378485
21 May 2024 09:00:00.000,-4746.749498,1055.325794,-5349.712585,-4.859753,2.832441,4.828695
21 May 2024 18:32:38.094,6652.651098,-2700.699593,-1.571306,-0.440557,-1.071110,-7.379196
22 May 2024 09:00:00.000,-6465.887508,2824.076583,1647.722679,2.000340,0.412190,7.114013
23 May 2024 01:01:27.432,6709.740879,-2553.641586,-10.125833,-0.422991,-1.077940,-7.379937
23 May 2024 09:00:00.000,-1347.484418,1659.920099,6895.557861,6.829481,-2.244390,1.838337
23 May 2024 17:06:40.082,-6802.070560,2499.096879,16.013933,0.410408,1.071117,7.311304
24 May 2024 04:57:52.516,-6823.558254,2440.464757,16.116909,0.402009,1.074126,7.311101
24 May 2024 09:00:00.000,5260.044771,-1065.844716,4778.016957,4.433166,-2.478148,-5.463372
24 May 2024 16:49:04.942,-6844.493198,2381.624321,16.103658,0.393483,1.077102,7.310954
25 May 2024 04:40:17.353,-6864.910052,2322.602350,16.173436,0.385024,1.079995,7.310815
25 May 2024 09:00:00.000,6249.192093,-2503.719457,-2499.254410,-2.827059,-0.196798,-6.908606
25 May 2024 19:03:53.836,6822.647760,-2231.155049,-28.935067,-0.384762,-1.091755,-7.381043
26 May 2024 09:00:00.000,469.026586,-1311.982941,-7073.862397,-7.075554,2.083349,-0.891486
26 May 2024 11:59:54.374,6849.204321,-2147.646609,-33.809043,-0.374917,-1.095074,-7.381224
27 May 2024 05:46:42.926,-6943.832468,2076.214625,16.349291,0.349700,1.091322,7.310473
27 May 2024 09:00:00.000,-5893.196869,1078.413286,-4071.831919,-3.785061,2.101671,6.002174
27 May 2024 13:23:55.157,6887.199964,-2021.891027,-41.199152,-0.360180,-1.099886,-7.381377
27 May 2024 18:28:43.299,6894.497627,-1996.652056,-42.717950,-0.357267,-1.100807,-7.381434
28 May 2024 06:19:55.623,6911.252834,-1937.674327,-46.174504,-0.350369,-1.102972,-7.381470
28 May 2024 09:00:00.000,-6075.336820,2214.081812,3256.077171,3.543402,0.075087,6.502806
28 May 2024 18:11:07.939,6927.516615,-1878.566600,-49.591903,-0.343430,-1.105105,-7.381489
28 May 2024 23:15:56.068,6934.334604,-1853.195013,-51.031837,-0.340429,-1.106014,-7.381494
29 May 2024 00:06:44.090,-7004.529817,1861.646454,16.469126,0.318983,1.100204,7.310422
29 May 2024 09:00:00.000,186.119266,1104.176436,7113.147065,7.204216,-1.852176,0.062320
29 May 2024 11:57:56.375,-7020.323870,1801.186934,16.507028,0.310337,1.102534,7.310438
30 May 2024 06:35:32.810,-7043.967446,1705.941043,16.529618,0.296708,1.106098,7.310572
30 May 2024 09:00:00.000,6285.187257,-972.201020,3323.850207,3.164314,-1.809595,-6.521853
30 May 2024 21:49:57.140,-7062.305358,1627.768263,16.581675,0.285556,1.108878,7.310732
31 May 2024 09:00:00.000,5612.761107,-1897.844027,-4074.391969,-4.356846,-0.004718,-6.049846
31 May 2024 09:41:09.369,-7075.957790,1566.862719,16.720269,0.276963,1.110951,7.310857
31 May 2024 13:55:09.437,7011.153885,-1538.331368,-69.177646,-0.303571,-1.116459,-7.381114
1 Jun 2024 01:46:21.683,7024.159655,-1478.342909,-72.362602,-0.296308,-1.118363,-7.380973
1 Jun 2024 09:00:00.000,-1131.516594,-902.493063,-7082.162540,-7.177332,1.604397,0.907560
1 Jun 2024 17:51:34.001,-7110.253671,1400.846979,16.730628,0.253178,1.116330,7.311341
2 Jun 2024 09:00:00.000,-6736.008707,842.223068,-2545.265792,-2.388577,1.529451,6.830725
2 Jun 2024 09:56:46.259,7056.969696,-1315.168075,-81.697454,-0.277280,-1.123127,-7.380431
3 Jun 2024 02:01:58.497,-7140.495322,1234.079551,16.792142,0.229323,1.121233,7.311980
3 Jun 2024 09:00:00.000,-5252.912391,1622.894151,4687.356162,4.976846,0.040291,5.502178
3 Jun 2024 13:53:10.639,-7150.639842,1172.460621,16.832955,0.220504,1.122889,7.312234
4 Jun 2024 01:44:22.756,-7160.212170,1110.769788,16.892286,0.211700,1.124503,7.312522
4 Jun 2024 09:00:00.000,1823.422070,819.932010,6899.216919,7.123807,-1.340963,-1.751516
4 Jun 2024 12:44:46.850,7101.294090,-1056.021883,-95.795084,-0.246526,-1.130150,-7.379307
5 Jun 2024 00:35:58.941,7110.320401,-995.334137,-99.070205,-0.239327,-1.131676,-7.378987
5 Jun 2024 09:00:00.000,6953.756770,-654.829491,1647.117617,1.589307,-1.340965,-7.177825
5 Jun 2024 13:17:59.008,-7185.632527,925.217368,16.963911,0.185067,1.128972,7.313493
6 Jun 2024 01:59:59.051,7127.985955,-865.009360,-105.850124,-0.223650,-1.134825,-7.378228
6 Jun 2024 09:00:00.000,4567.555347,-1371.254415,-5404.144104,-5.667911,-0.111588,-4.811679
6 Jun 2024 16:23:35.072,-7201.652307,783.425670,16.956433,0.164603,1.131976,7.314361
7 Jun 2024 09:00:00.000,-2736.262587,-783.751719,-6661.517515,-6.820169,1.072333,2.650671
7 Jun 2024 11:51:59.039,7147.952183,-690.721251,-114.617109,-0.202451,-1.138701,-7.377084
8 Jun 2024 03:06:22.982,7155.613219,-612.154690,-118.487210,-0.192838,-1.140334,-7.376495
8 Jun 2024 09:00:00.000,-7182.532445,431.291869,-851.150871,-0.766515,1.198444,7.263605
8 Jun 2024 21:43:58.850,7163.805965,-515.930472,-122.954927,-0.180820,-1.142237,-7.375784
9 Jun 2024 09:00:00.000,-4038.113387,1163.535363,5852.085977,6.167691,0.272082,4.147930
9 Jun 2024 17:12:22.666,-7230.335581,401.218898,17.116437,0.109346,1.138313,7.317189
10 Jun 2024 05:54:22.496,7175.063188,-349.548984,-130.780119,-0.160211,-1.145235,-7.374377
10 Jun 2024 09:00:00.000,3421.889358,828.404813,6247.982454,6.553376,-0.831122,-3.489428
10 Jun 2024 16:54:46.334,-7235.156313,276.544570,17.160233,0.091194,1.139823,7.318261
11 Jun 2024 04:45:58.120,-7236.746729,214.153106,17.101800,0.082003,1.140482,7.318812
11 Jun 2024 09:00:00.000,7181.349435,-211.425350,-151.427004,-0.157614,-1.147035,-7.372794
11 Jun 2024 18:18:45.873,-7237.865226,142.883086,17.085925,0.071534,1.141150,7.319482
12 Jun 2024 03:37:33.697,7184.635275,-112.568753,-141.078672,-0.130136,-1.148887,-7.372156
12 Jun 2024 09:00:00.000,3188.295657,-1028.248703,-6403.527888,-6.636861,-0.452947,-3.272386
12 Jun 2024 16:19:33.422,-7238.147868,27.048798,17.143344,0.054567,1.142037,7.320608
13 Jun 2024 07:33:57.069,-7237.223800,-53.125269,17.132913,0.042737,1.142509,7.321423
13 Jun 2024 09:00:00.000,-4210.547144,-947.176785,-5827.849002,-6.018169,0.609396,4.243915
13 Jun 2024 18:34:20.796,7186.799645,89.600100,-149.232178,-0.103959,-1.151369,-7.370081
14 Jun 2024 06:25:32.477,7186.349681,151.194065,-151.521274,-0.095814,-1.152010,-7.369430
14 Jun 2024 09:00:00.000,-7172.687086,-44.306703,919.592736,0.962810,1.158097,7.261549
14 Jun 2024 18:16:44.143,7185.402357,212.758222,-153.821975,-0.087696,-1.152579,-7.368750
15 Jun 2024 06:07:55.778,7183.926016,274.352905,-155.992717,-0.079453,-1.153102,-7.368071
15 Jun 2024 09:00:00.000,-2514.307299,931.746262,6665.517169,6.990148,0.695506,2.500674
15 Jun 2024 17:08:19.421,-7225.537012,-355.691165,17.170661,-0.002163,1.143196,7.324694
16 Jun 2024 04:59:31.015,-7221.532423,-417.917414,17.047314,-0.011596,1.143115,7.325396
16 Jun 2024 09:00:00.000,4828.875033,1105.895842,5183.892964,5.515430,-0.447321,-5.024692
17 Jun 2024 02:09:30.249,7173.949206,503.095845,-163.521507,-0.048406,-1.154499,-7.365426
17 Jun 2024 09:00:00.000,6930.131597,239.921390,-1951.591051,-1.909111,-1.257606,-7.084514
18 Jun 2024 01:51:53.326,7165.649493,626.185372,-167.208387,-0.031396,-1.154878,-7.363914
18 Jun 2024 09:00:00.000,1591.347820,-944.199461,-7003.024892,-7.174980,-0.930344,-1.530917
18 Jun 2024 17:06:16.705,7159.227999,705.252313,-169.453325,-0.020369,-1.154979,-7.362915
19 Jun 2024 05:48:16.158,-7184.857570,-798.865366,17.031696,-0.069095,1.141013,7.330069
19 Jun 2024 09:00:00.000,-5421.067452,-1342.878972,-4621.654593,-4.826301,0.326829,5.592326
19 Jun 2024 17:39:27.636,-7176.941578,-860.632044,17.038009,-0.078497,1.140398,7.330875
19 Jun 2024 21:53:27.446,7144.747863,854.506364,-173.332399,0.000756,-1.154850,-7.360999
20 Jun 2024 06:21:27.048,7139.887363,898.378315,-174.383163,0.007042,-1.154732,-7.360443
20 Jun 2024 09:00:00.000,-6687.818981,-462.447023,2656.962077,2.653255,1.417164,6.800426
20 Jun 2024 19:03:26.438,-7158.175204,-992.744017,17.017325,-0.098728,1.138796,7.332619
21 Jun 2024 06:03:49.888,7124.915784,1021.071936,-177.093352,0.024810,-1.154174,-7.358827
21 Jun 2024 09:00:00.000,-812.599160,990.385192,7055.247656,7.343338,1.200808,0.658760
21 Jun 2024 23:50:36.961,-7133.927869,-1142.016435,16.896712,-0.121837,1.136535,7.334630
22 Jun 2024 09:00:00.000,5902.155939,1582.875807,3769.670470,4.100197,-0.297550,-6.233293
22 Jun 2024 23:32:59.667,-7111.584149,-1264.474627,16.887727,-0.140825,1.134330,7.336333
23 Jun 2024 09:00:00.000,6219.465663,577.304930,-3629.538120,-3.497352,-1.650167,-6.334257
23 Jun 2024 15:38:10.752,7079.897233,1318.156431,-182.360959,0.068904,-1.151526,-7.354794
23 Jun 2024 20:42:58.453,7075.340953,1344.301378,-182.738199,0.072855,-1.151198,-7.354426
24 Jun 2024 06:01:45.900,-7079.724984,-1421.286264,16.789142,-0.165385,1.130998,7.338568
24 Jun 2024 09:00:00.000,-83.067263,-1154.602355,-7159.163840,-7.240783,-1.423966,0.306498
24 Jun 2024 17:02:09.241,7056.125289,1448.724111,-184.084242,0.088775,-1.149728,-7.352985
24 Jun 2024 22:06:56.927,7051.084883,1474.803495,-184.366536,0.092797,-1.149316,-7.352620
25 Jun 2024 07:25:44.341,-7050.526331,-1551.346622,16.761057,-0.185840,1.127808,7.340442
25 Jun 2024 09:00:00.000,-6258.542890,-1882.414533,-3107.071010,-3.335720,0.313266,6.608572
25 Jun 2024 22:40:07.352,-7031.847261,-1629.103532,16.731087,-0.198143,1.125706,7.341579
26 Jun 2024 09:00:00.000,-5760.745600,-703.093743,4244.310866,4.150160,1.936496,5.883573
27 Jun 2024 01:45:41.475,-6996.512294,-1766.847216,16.464874,-0.220272,1.121545,7.343601
27 Jun 2024 09:00:00.000,908.956290,1356.526177,6978.362685,7.180156,1.655251,-1.251669
28 Jun 2024 08:14:27.241,-6953.528526,-1920.762563,16.518374,-0.244829,1.116444,7.345914
28 Jun 2024 09:00:00.000,6540.709737,2151.734577,2097.584083,2.448944,-0.453153,-7.021386
29 Jun 2024 04:33:37.647,-6922.970499,-2022.845876,16.381030,-0.261386,1.112664,7.347467
29 Jun 2024 09:00:00.000,5119.741611,692.783008,-5074.580001,-4.785285,-2.255283,-5.175946
29 Jun 2024 18:06:24.551,-6901.757179,-2090.612395,16.401811,-0.272316,1.110033,7.348517
30 Jun 2024 06:48:23.480,6891.396470,2129.381570,-186.664935,0.197517,-1.133119,-7.343379
30 Jun 2024 09:00:00.000,-1692.743781,-1650.849129,-6854.184702,-6.837489,-1.806828,2.137684
1 Jul 2024 01:25:57.853,6863.186408,2222.985355,-186.140769,0.213164,-1.129775,-7.342068
1 Jul 2024 09:00:00.000,-6650.241948,-2447.980766,-1365.940844,-1.665032,0.624200,7.214978

